drop table ttirc_emoticons_popcon;
drop table ttirc_shorturls;
drop table ttirc_snippets;
drop table ttirc_user_prefs;
drop table ttirc_settings_profiles;
drop table ttirc_prefs;
drop table ttirc_prefs_sections;
drop table ttirc_prefs_types;
drop table ttirc_messages;
drop table ttirc_channels;
drop table ttirc_servers;
drop table ttirc_connections;
drop table ttirc_users;
drop table ttirc_sessions;
drop table ttirc_version;
drop table ttirc_system;
drop function SUBSTRING_FOR_DATE(timestamp, int, int);
DROP TRIGGER IF EXISTS ttirc_new_message_trigger ON ttirc_messages;

begin;

create table ttirc_system(id serial not null primary key,
	key varchar(120) not null,
	value text);

CREATE OR REPLACE FUNCTION ttirc_notify_new_message() RETURNS trigger as $$
  DECLARE
  BEGIN
    PERFORM pg_notify('ttirc_messages', 'NEW_MESSAGE');
    RETURN new;
  END;
$$ language plpgsql;

insert into ttirc_system (key, value) values ('MASTER_RUNNING', '');
insert into ttirc_system (key, value) values ('MASTER_HEARTBEAT', '');

create table ttirc_users (id serial not null primary key,
	login varchar(120) not null unique,
	pwd_hash varchar(250) not null,
	salt varchar(250) not null default '',
	last_login timestamp default null,
	access_level integer not null default 0,
	email varchar(250) not null,
	nick varchar(120) not null,
	heartbeat timestamp default null,
	last_message timestamp default null,
	quit_message varchar(120) not null default '',
	hide_join_part boolean not null default false,
	realname varchar(120) not null,
	twitter_oauth text default null,
	twitter_last_id text default null,
	created timestamp default null);

insert into ttirc_users (login,pwd_hash,access_level, nick, realname, email, quit_message) values ('admin', 'SHA1:5baa61e4c9b93f3f0682250b6cf8331b7ee68fd8', 10, 'test', 'Admin User', 'test@localhost', 'My hovercraft is full of eels');

create table ttirc_connections(id serial not null primary key,
	title varchar(120) not null,
	active_nick varchar(120) not null default '',
	enabled boolean not null default false,
	active boolean not null default false,
	permanent boolean not null default false,
	active_server varchar(120) not null default '',
	encoding varchar(120) not null default 'UTF-8',
	status integer not null default 0,
	autojoin text not null default '',
	auto_connect boolean not null default false,
	visible boolean not null default true,
	muted boolean not null default false,
	userhosts text not null default '',
	connect_cmd text not null default '',
	server_password varchar(120) not null default '',
	nick varchar(120) not null default '',
	last_sent_id integer not null default 0,
	use_ssl boolean not null default false,
	owner_uid integer not null references ttirc_users(id) ON DELETE CASCADE);

create table ttirc_servers(id serial not null primary key,
	connection_id integer not null references ttirc_connections(id) ON DELETE CASCADE,
	server varchar(120) not null,
	port integer not null);

create table ttirc_channels(id serial not null primary key,
	connection_id integer not null references ttirc_connections(id) ON DELETE CASCADE,
	channel varchar(120) not null,
	topic text not null default '',
	topic_owner varchar(120) not null default '',
	topic_set timestamp default null,
	chan_type integer not null default 0,
	muted boolean not null default false,
	nicklist text not null default '');

create table ttirc_messages(id serial not null primary key,
	ts timestamp not null default NOW(),
	incoming boolean not null,
	message text not null,
	message_type integer not null default 0,
	sender varchar(120) not null,
	channel varchar(120) not null,
	userhost varchar(120),
	connection_id integer not null references ttirc_connections(id) ON DELETE CASCADE);

CREATE TRIGGER ttirc_new_message_trigger AFTER INSERT ON ttirc_messages
 	EXECUTE PROCEDURE ttirc_notify_new_message();

create index ttirc_messages_incoming on ttirc_messages(incoming);

create table ttirc_prefs_types (id integer not null primary key,
	type_name varchar(100) not null);

insert into ttirc_prefs_types (id, type_name) values (1, 'bool');
insert into ttirc_prefs_types (id, type_name) values (2, 'string');
insert into ttirc_prefs_types (id, type_name) values (3, 'integer');

create table ttirc_prefs_sections (id integer not null primary key,
	section_name varchar(100) not null);

insert into ttirc_prefs_sections (id, section_name) values (1, 'General');
insert into ttirc_prefs_sections (id, section_name) values (2, 'Interface');
insert into ttirc_prefs_sections (id, section_name) values (3, 'Advanced');

create table ttirc_prefs (pref_name varchar(250) not null primary key,
	type_id integer not null references ttirc_prefs_types(id),
	section_id integer not null references ttirc_prefs_sections(id) default 1,
	short_desc text not null,
	help_text text not null default '',
	access_level integer not null default 0,
	def_value text not null);

insert into ttirc_prefs (pref_name,type_id,def_value,short_desc,section_id) values('USER_THEME', 2, '0', '', 1);

insert into ttirc_prefs (pref_name,type_id,def_value,short_desc,section_id) values('USER_STYLESHEET', 2, '', '', 2);

insert into ttirc_prefs (pref_name,type_id,def_value,short_desc,section_id) values('HIGHLIGHT_ON', 2, '', '', 1);

insert into ttirc_prefs (pref_name,type_id,def_value,short_desc,section_id) values('NOTIFY_ON', 2, '', '', 1);

insert into ttirc_prefs (pref_name,type_id,def_value,short_desc,section_id) values('DISABLE_IMAGE_PREVIEW', 1, 'false', '', 1);

create table ttirc_settings_profiles(id serial not null primary key,
	title varchar(250) not null,
	owner_uid integer not null references ttirc_users(id) on delete cascade);

create table ttirc_user_prefs (
	owner_uid integer not null references ttirc_users(id) ON DELETE CASCADE,
	pref_name varchar(250) not null references ttirc_prefs(pref_name) ON DELETE CASCADE,
	profile integer references ttirc_settings_profiles(id) ON DELETE CASCADE,
	value text not null);

create index ttirc_user_prefs_owner_uid_index on ttirc_user_prefs(owner_uid);

create table ttirc_sessions (id varchar(250) unique not null primary key,
	data text,
	expire integer not null);

create index ttirc_sessions_expire_index on ttirc_sessions(expire);

create function SUBSTRING_FOR_DATE(timestamp, int, int) RETURNS text AS 'SELECT SUBSTRING(CAST($1 AS text), $2, $3)' LANGUAGE 'sql';

create table ttirc_snippets(id serial not null primary key,
	key varchar(200) not null,
	snippet text not null,
	created timestamp not null,
	owner_uid integer not null references ttirc_users(id) on delete cascade);

create table ttirc_shorturls(id serial not null primary key,
	url text not null unique,
	created timestamp not null default NOW());

create table ttirc_emoticons_popcon (id serial not null primary key,
	owner_uid integer not null references ttirc_users(id) on delete cascade,
	emoticon varchar(60) not null,
	times_used integer not null default 0);

create table ttirc_version (schema_version int not null);

insert into ttirc_version values (16);

commit;
